filename,label
10001.jpg,1
10002.jpg,1
10003.jpg,0
10004.jpg,0
10005.jpg,0
10006.jpg,0
10007.jpg,1
10008.jpg,0
10009.jpg,1
10010.jpg,1
10011.jpg,1
10012.jpg,1
10013.jpg,0
10014.jpg,0
10015.jpg,0
10016.jpg,0
10017.jpg,1
10018.jpg,1
10019.jpg,0
10020.jpg,0
10021.jpg,0
10022.jpg,1
10023.jpg,0
10024.jpg,1
10025.jpg,0
10026.jpg,1
10027.jpg,1
10028.jpg,0
10029.jpg,1
10030.jpg,1
10031.jpg,0
10032.jpg,1
10033.jpg,0
10034.jpg,1
10035.jpg,0
10036.jpg,0
10037.jpg,1
10038.jpg,0
10039.jpg,1
10040.jpg,1
10041.jpg,1
10042.jpg,0
10043.jpg,0
10044.jpg,1
10045.jpg,0
10046.jpg,0
10047.jpg,0
10048.jpg,0
10049.jpg,1
10050.jpg,1
10051.jpg,0
10052.jpg,0
10053.jpg,1
10054.jpg,1
10055.jpg,1
10056.jpg,0
10057.jpg,0
10058.jpg,1
10059.jpg,0
10060.jpg,0
10061.jpg,0
10062.jpg,1
10063.jpg,1
10064.jpg,0
10065.jpg,0
10066.jpg,0
10067.jpg,1
10068.jpg,1
10069.jpg,0
10070.jpg,1
10071.jpg,1
10072.jpg,1
10073.jpg,1
10074.jpg,1
10075.jpg,0
10076.jpg,1
10077.jpg,1
10078.jpg,0
10079.jpg,1
10080.jpg,1
10081.jpg,0
10082.jpg,0
10083.jpg,0
10084.jpg,0
10085.jpg,0
10086.jpg,0
10087.jpg,1
10088.jpg,0
10089.jpg,0
10090.jpg,0
10091.jpg,1
10092.jpg,0
10093.jpg,0
10094.jpg,1
10095.jpg,0
10096.jpg,0
10097.jpg,1
10098.jpg,0
10099.jpg,0
10100.jpg,0
10101.jpg,1
10102.jpg,0
10103.jpg,1
10104.jpg,0
10105.jpg,1
10106.jpg,1
10107.jpg,0
10108.jpg,1
10109.jpg,1
10110.jpg,1
10111.jpg,1
10112.jpg,0
10113.jpg,1
10114.jpg,1
10115.jpg,0
10116.jpg,0
10117.jpg,1
10118.jpg,0
10119.jpg,0
10120.jpg,0
10121.jpg,1
10122.jpg,0
10123.jpg,0
10124.jpg,1
10125.jpg,1
10126.jpg,1
10127.jpg,0
10128.jpg,1
10129.jpg,0
10130.jpg,1
10131.jpg,1
10132.jpg,1
10133.jpg,1
10134.jpg,0
10135.jpg,1
10136.jpg,0
10137.jpg,0
10138.jpg,1
10139.jpg,1
10140.jpg,1
10141.jpg,1
10142.jpg,0
10143.jpg,1
10144.jpg,1
10145.jpg,1
10146.jpg,0
10147.jpg,1
10148.jpg,1
10149.jpg,0
10150.jpg,1
10151.jpg,1
10152.jpg,1
10153.jpg,0
10154.jpg,1
10155.jpg,1
10156.jpg,0
10157.jpg,1
10158.jpg,1
10159.jpg,1
10160.jpg,0
10161.jpg,0
10162.jpg,1
10163.jpg,1
10164.jpg,0
10165.jpg,1
10166.jpg,1
10167.jpg,0
10168.jpg,0
10169.jpg,1
10170.jpg,1
10171.jpg,1
10172.jpg,1
10173.jpg,0
10174.jpg,0
10175.jpg,0
10176.jpg,0
10177.jpg,0
10178.jpg,0
10179.jpg,1
10180.jpg,0
10181.jpg,1
10182.jpg,0
10183.jpg,0
10184.jpg,0
10185.jpg,0
10186.jpg,1
10187.jpg,0
10188.jpg,0
10189.jpg,1
10190.jpg,1
10191.jpg,1
10192.jpg,0
10193.jpg,1
10194.jpg,0
10195.jpg,1
10196.jpg,0
10197.jpg,1
10198.jpg,1
10199.jpg,0
10200.jpg,1
10201.jpg,1
10202.jpg,1
10203.jpg,1
10204.jpg,0
10205.jpg,0
10206.jpg,1
10207.jpg,1
10208.jpg,0
10209.jpg,0
10210.jpg,0
10211.jpg,0
10212.jpg,0
10213.jpg,1
10214.jpg,1
10215.jpg,1
10216.jpg,0
10217.jpg,1
10218.jpg,1
10219.jpg,0
10220.jpg,0
10221.jpg,1
10222.jpg,0
10223.jpg,1
10224.jpg,1
10225.jpg,0
10226.jpg,0
10227.jpg,0
10228.jpg,1
10229.jpg,1
10230.jpg,0
10231.jpg,0
10232.jpg,0
10233.jpg,1
10234.jpg,0
10235.jpg,0
10236.jpg,1
10237.jpg,0
10238.jpg,1
10239.jpg,1
10240.jpg,0
10241.jpg,1
10242.jpg,0
10243.jpg,0
10244.jpg,1
10245.jpg,0
10246.jpg,0
10247.jpg,0
10248.jpg,1
10249.jpg,1
10250.jpg,0
10251.jpg,0
10252.jpg,1
10253.jpg,1
10254.jpg,0
10255.jpg,0
10256.jpg,0
10257.jpg,0
10258.jpg,0
10259.jpg,1
10260.jpg,0
10261.jpg,1
10262.jpg,1
10263.jpg,0
10264.jpg,0
10265.jpg,1
10266.jpg,0
10267.jpg,0
10268.jpg,1
10269.jpg,0
10270.jpg,0
10271.jpg,0
10272.jpg,1
10273.jpg,0
10274.jpg,1
10275.jpg,0
10276.jpg,0
10277.jpg,1
10278.jpg,1
10279.jpg,1
10280.jpg,0
10281.jpg,1
10282.jpg,1
10283.jpg,1
10284.jpg,1
10285.jpg,1
10286.jpg,0
10287.jpg,0
10288.jpg,1
10289.jpg,1
10290.jpg,0
10291.jpg,0
10292.jpg,1
10293.jpg,0
10294.jpg,1
10295.jpg,1
10296.jpg,0
10297.jpg,1
10298.jpg,0
10299.jpg,1
10300.jpg,0
10301.jpg,0
10302.jpg,0
10303.jpg,1
10304.jpg,0
10305.jpg,1
10306.jpg,1
10307.jpg,1
10308.jpg,1
10309.jpg,0
10310.jpg,0
10311.jpg,1
10312.jpg,1
10313.jpg,0
10314.jpg,1
10315.jpg,0
10316.jpg,0
10317.jpg,0
10318.jpg,1
10319.jpg,1
10320.jpg,1
10321.jpg,1
10322.jpg,0
10323.jpg,0
10324.jpg,1
10325.jpg,0
10326.jpg,0
10327.jpg,1
10328.jpg,0
10329.jpg,1
10330.jpg,1
10331.jpg,0
10332.jpg,0
10333.jpg,0
10334.jpg,0
10335.jpg,1
10336.jpg,0
10337.jpg,1
10338.jpg,0
10339.jpg,0
10340.jpg,0
10341.jpg,0
10342.jpg,1
10343.jpg,0
10344.jpg,0
10345.jpg,0
10346.jpg,0
10347.jpg,0
10348.jpg,1
10349.jpg,0
10350.jpg,0
10351.jpg,1
10352.jpg,0
10353.jpg,0
10354.jpg,0
10355.jpg,0
10356.jpg,1
10357.jpg,0
10358.jpg,1
10359.jpg,0
10360.jpg,0
10361.jpg,1
10362.jpg,1
10363.jpg,0
10364.jpg,0
10365.jpg,0
10366.jpg,1
10367.jpg,1
10368.jpg,1
10369.jpg,0
10370.jpg,0
10371.jpg,1
10372.jpg,1
10373.jpg,1
10374.jpg,0
10375.jpg,1
10376.jpg,1
10377.jpg,1
10378.jpg,1
10379.jpg,1
10380.jpg,0
10381.jpg,1
10382.jpg,0
10383.jpg,0
10384.jpg,0
10385.jpg,0
10386.jpg,0
10387.jpg,1
10388.jpg,0
10389.jpg,0
10390.jpg,0
10391.jpg,0
10392.jpg,1
10393.jpg,0
10394.jpg,1
10395.jpg,0
10396.jpg,1
10397.jpg,0
10398.jpg,1
10399.jpg,0
10400.jpg,1
10401.jpg,0
10402.jpg,0
10403.jpg,1
10404.jpg,1
10405.jpg,1
10406.jpg,0
10407.jpg,0
10408.jpg,1
10409.jpg,0
10410.jpg,1
10411.jpg,0
10412.jpg,1
10413.jpg,0
10414.jpg,0
10415.jpg,1
10416.jpg,1
10417.jpg,1
10418.jpg,0
10419.jpg,0
10420.jpg,0
10421.jpg,1
10422.jpg,0
10423.jpg,1
10424.jpg,0
10425.jpg,1
10426.jpg,0
10427.jpg,1
10428.jpg,1
10429.jpg,1
10430.jpg,1
10431.jpg,0
10432.jpg,1
10433.jpg,0
10434.jpg,0
10435.jpg,0
10436.jpg,0
10437.jpg,0
10438.jpg,1
10439.jpg,0
10440.jpg,1
10441.jpg,1
10442.jpg,0
10443.jpg,1
10444.jpg,0
10445.jpg,1
10446.jpg,1
10447.jpg,1
10448.jpg,0
10449.jpg,0
10450.jpg,0
10451.jpg,1
10452.jpg,0
10453.jpg,1
10454.jpg,1
10455.jpg,0
10456.jpg,0
10457.jpg,0
10458.jpg,0
10459.jpg,0
10460.jpg,1
10461.jpg,0
10462.jpg,0
10463.jpg,0
10464.jpg,1
10465.jpg,0
10466.jpg,0
10467.jpg,1
10468.jpg,1
10469.jpg,1
10470.jpg,1
10471.jpg,1
10472.jpg,1
10473.jpg,0
10474.jpg,0
10475.jpg,0
10476.jpg,1
10477.jpg,0
10478.jpg,0
10479.jpg,1
10480.jpg,1
10481.jpg,1
10482.jpg,0
10483.jpg,1
10484.jpg,1
10485.jpg,1
10486.jpg,0
10487.jpg,1
10488.jpg,0
10489.jpg,1
10490.jpg,1
10491.jpg,0
10492.jpg,1
10493.jpg,1
10494.jpg,0
10495.jpg,0
10496.jpg,0
10497.jpg,0
10498.jpg,0
10499.jpg,1
10500.jpg,1
10501.jpg,0
10502.jpg,1
10503.jpg,0
10504.jpg,1
10505.jpg,0
10506.jpg,0
10507.jpg,0
10508.jpg,1
10509.jpg,0
10510.jpg,0
10511.jpg,1
10512.jpg,0
10513.jpg,1
10514.jpg,1
10515.jpg,0
10516.jpg,1
10517.jpg,0
10518.jpg,1
10519.jpg,0
10520.jpg,1
10521.jpg,0
10522.jpg,1
10523.jpg,1
10524.jpg,0
10525.jpg,0
10526.jpg,1
10527.jpg,0
10528.jpg,1
10529.jpg,1
10530.jpg,1
10531.jpg,0
10532.jpg,0
10533.jpg,0
10534.jpg,0
10535.jpg,0
10536.jpg,0
10537.jpg,0
10538.jpg,0
10539.jpg,1
10540.jpg,1
10541.jpg,1
10542.jpg,1
10543.jpg,1
10544.jpg,0
10545.jpg,1
10546.jpg,1
10547.jpg,0
10548.jpg,1
10549.jpg,1
10550.jpg,0
10551.jpg,1
10552.jpg,0
10553.jpg,1
10554.jpg,1
10555.jpg,0
10556.jpg,0
10557.jpg,0
10558.jpg,0
10559.jpg,1
10560.jpg,0
10561.jpg,1
10562.jpg,0
10563.jpg,1
10564.jpg,1
10565.jpg,0
10566.jpg,0
10567.jpg,1
10568.jpg,0
10569.jpg,0
10570.jpg,0
10571.jpg,1
10572.jpg,0
10573.jpg,1
10574.jpg,1
10575.jpg,0
10576.jpg,0
10577.jpg,1
10578.jpg,0
10579.jpg,0
10580.jpg,1
10581.jpg,1
10582.jpg,1
10583.jpg,1
10584.jpg,0
10585.jpg,0
10586.jpg,1
10587.jpg,0
10588.jpg,1
10589.jpg,1
10590.jpg,0
10591.jpg,1
10592.jpg,0
10593.jpg,1
10594.jpg,0
10595.jpg,0
10596.jpg,1
10597.jpg,0
10598.jpg,1
10599.jpg,0
10600.jpg,1
10601.jpg,1
10602.jpg,1
10603.jpg,0
10604.jpg,1
10605.jpg,0
10606.jpg,0
10607.jpg,0
10608.jpg,1
10609.jpg,1
10610.jpg,1
10611.jpg,1
10612.jpg,0
10613.jpg,1
10614.jpg,0
10615.jpg,0
10616.jpg,1
10617.jpg,0
10618.jpg,1
10619.jpg,0
10620.jpg,0
10621.jpg,1
10622.jpg,0
10623.jpg,1
10624.jpg,0
10625.jpg,0
10626.jpg,0
10627.jpg,0
10628.jpg,1
10629.jpg,0
10630.jpg,0
10631.jpg,0
10632.jpg,1
10633.jpg,0
10634.jpg,0
10635.jpg,1
10636.jpg,0
10637.jpg,1
10638.jpg,1
10639.jpg,1
10640.jpg,1
10641.jpg,1
10642.jpg,0
10643.jpg,1
10644.jpg,1
10645.jpg,1
10646.jpg,1
10647.jpg,1
10648.jpg,0
10649.jpg,0
10650.jpg,0
10651.jpg,0
10652.jpg,1
10653.jpg,1
10654.jpg,1
10655.jpg,1
10656.jpg,1
10657.jpg,1
10658.jpg,0
10659.jpg,1
10660.jpg,0
10661.jpg,0
10662.jpg,0
10663.jpg,1
10664.jpg,0
10665.jpg,0
10666.jpg,0
10667.jpg,1
10668.jpg,0
10669.jpg,1
10670.jpg,0
10671.jpg,0
10672.jpg,0
10673.jpg,0
10674.jpg,1
10675.jpg,1
10676.jpg,0
10677.jpg,1
10678.jpg,1
10679.jpg,0
10680.jpg,0
10681.jpg,0
10682.jpg,1
10683.jpg,1
10684.jpg,1
10685.jpg,1
10686.jpg,0
10687.jpg,1
10688.jpg,1
10689.jpg,1
10690.jpg,0
10691.jpg,0
10692.jpg,0
10693.jpg,1
10694.jpg,0
10695.jpg,1
10696.jpg,1
10697.jpg,0
10698.jpg,0
10699.jpg,1
10700.jpg,0
10701.jpg,1
10702.jpg,0
10703.jpg,0
10704.jpg,1
10705.jpg,0
10706.jpg,1
10707.jpg,1
10708.jpg,1
10709.jpg,1
10710.jpg,1
10711.jpg,0
10712.jpg,1
10713.jpg,1
10714.jpg,1
10715.jpg,1
10716.jpg,1
10717.jpg,1
10718.jpg,0
10719.jpg,1
10720.jpg,0
10721.jpg,1
10722.jpg,1
10723.jpg,0
10724.jpg,0
10725.jpg,1
10726.jpg,0
10727.jpg,0
10728.jpg,1
10729.jpg,0
10730.jpg,0
10731.jpg,0
10732.jpg,0
10733.jpg,1
10734.jpg,0
10735.jpg,1
10736.jpg,0
10737.jpg,0
10738.jpg,0
10739.jpg,0
10740.jpg,1
10741.jpg,1
10742.jpg,1
10743.jpg,0
10744.jpg,0
10745.jpg,0
10746.jpg,0
10747.jpg,1
10748.jpg,1
10749.jpg,1
10750.jpg,1
10751.jpg,1
10752.jpg,1
10753.jpg,0
10754.jpg,1
10755.jpg,1
10756.jpg,0
10757.jpg,1
10758.jpg,1
10759.jpg,0
10760.jpg,0
10761.jpg,0
10762.jpg,1
10763.jpg,0
10764.jpg,0
10765.jpg,0
10766.jpg,1
10767.jpg,0
10768.jpg,1
10769.jpg,0
10770.jpg,0
10771.jpg,1
10772.jpg,1
10773.jpg,0
10774.jpg,0
10775.jpg,1
10776.jpg,1
10777.jpg,1
10778.jpg,1
10779.jpg,0
10780.jpg,1
10781.jpg,0
10782.jpg,0
10783.jpg,1
10784.jpg,1
10785.jpg,0
10786.jpg,1
10787.jpg,0
10788.jpg,1
10789.jpg,1
10790.jpg,1
10791.jpg,0
10792.jpg,0
10793.jpg,0
10794.jpg,0
10795.jpg,0
10796.jpg,0
10797.jpg,0
10798.jpg,1
10799.jpg,1
10800.jpg,1
10801.jpg,0
10802.jpg,1
10803.jpg,0
10804.jpg,1
10805.jpg,1
10806.jpg,0
10807.jpg,0
10808.jpg,1
10809.jpg,0
10810.jpg,1
10811.jpg,1
10812.jpg,1
10813.jpg,1
10814.jpg,1
10815.jpg,1
10816.jpg,0
10817.jpg,0
10818.jpg,0
10819.jpg,0
10820.jpg,0
10821.jpg,0
10822.jpg,1
10823.jpg,0
10824.jpg,0
10825.jpg,0
10826.jpg,1
10827.jpg,0
10828.jpg,0
10829.jpg,1
10830.jpg,0
10831.jpg,0
10832.jpg,0
10833.jpg,1
10834.jpg,0
10835.jpg,1
10836.jpg,1
10837.jpg,1
10838.jpg,1
10839.jpg,1
10840.jpg,0
10841.jpg,0
10842.jpg,1
10843.jpg,0
10844.jpg,1
10845.jpg,1
10846.jpg,0
10847.jpg,1
10848.jpg,1
10849.jpg,1
10850.jpg,0
10851.jpg,1
10852.jpg,0
10853.jpg,0
10854.jpg,0
10855.jpg,1
10856.jpg,1
10857.jpg,0
10858.jpg,0
10859.jpg,0
10860.jpg,0
10861.jpg,1
10862.jpg,1
10863.jpg,0
10864.jpg,0
10865.jpg,0
10866.jpg,0
10867.jpg,1
10868.jpg,0
10869.jpg,0
10870.jpg,0
10871.jpg,1
10872.jpg,0
10873.jpg,1
10874.jpg,1
10875.jpg,1
10876.jpg,0
10877.jpg,1
10878.jpg,0
10879.jpg,1
10880.jpg,0
10881.jpg,1
10882.jpg,0
10883.jpg,1
10884.jpg,0
10885.jpg,0
10886.jpg,1
10887.jpg,0
10888.jpg,1
10889.jpg,1
10890.jpg,1
10891.jpg,1
10892.jpg,0
10893.jpg,1
10894.jpg,1
10895.jpg,0
10896.jpg,1
10897.jpg,0
10898.jpg,1
10899.jpg,1
10900.jpg,0
10901.jpg,1
10902.jpg,0
10903.jpg,0
10904.jpg,0
10905.jpg,1
10906.jpg,1
10907.jpg,1
10908.jpg,0
10909.jpg,0
10910.jpg,1
10911.jpg,0
10912.jpg,0
10913.jpg,1
10914.jpg,0
10915.jpg,1
10916.jpg,0
10917.jpg,0
10918.jpg,1
10919.jpg,1
10920.jpg,0
10921.jpg,0
10922.jpg,1
10923.jpg,1
10924.jpg,1
10925.jpg,0
10926.jpg,0
10927.jpg,1
10928.jpg,0
10929.jpg,1
10930.jpg,0
10931.jpg,0
10932.jpg,0
10933.jpg,1
10934.jpg,0
10935.jpg,0
10936.jpg,0
10937.jpg,0
10938.jpg,1
10939.jpg,1
10940.jpg,0
10941.jpg,1
10942.jpg,0
10943.jpg,1
10944.jpg,0
10945.jpg,0
10946.jpg,1
10947.jpg,1
10948.jpg,0
10949.jpg,1
10950.jpg,0
10951.jpg,0
10952.jpg,1
10953.jpg,1
10954.jpg,1
10955.jpg,0
10956.jpg,1
10957.jpg,1
10958.jpg,0
10959.jpg,0
10960.jpg,1
10961.jpg,0
10962.jpg,0
10963.jpg,0
10964.jpg,0
10965.jpg,0
10966.jpg,1
10967.jpg,0
10968.jpg,1
10969.jpg,0
10970.jpg,1
10971.jpg,1
10972.jpg,0
10973.jpg,1
10974.jpg,1
10975.jpg,0
10976.jpg,1
10977.jpg,0
10978.jpg,1
10979.jpg,0
10980.jpg,0
10981.jpg,1
10982.jpg,1
10983.jpg,1
10984.jpg,1
10985.jpg,0
10986.jpg,0
10987.jpg,1
10988.jpg,1
10989.jpg,1
10990.jpg,0
10991.jpg,0
10992.jpg,1
10993.jpg,0
10994.jpg,1
10995.jpg,0
10996.jpg,1
10997.jpg,0
10998.jpg,0
10999.jpg,0
11000.jpg,0
11001.jpg,1
11002.jpg,0
11003.jpg,0
11004.jpg,1
11005.jpg,1
11006.jpg,0
11007.jpg,0
11008.jpg,0
11009.jpg,1
11010.jpg,1
11011.jpg,0
11012.jpg,1
11013.jpg,1
11014.jpg,1
11015.jpg,0
11016.jpg,0
11017.jpg,0
11018.jpg,0
11019.jpg,0
11020.jpg,1
11021.jpg,0
11022.jpg,1
11023.jpg,0
11024.jpg,1
11025.jpg,0
11026.jpg,1
11027.jpg,1
11028.jpg,0
11029.jpg,0
11030.jpg,0
11031.jpg,0
11032.jpg,1
11033.jpg,0
11034.jpg,1
11035.jpg,0
11036.jpg,0
11037.jpg,0
11038.jpg,0
11039.jpg,1
11040.jpg,1
11041.jpg,0
11042.jpg,1
11043.jpg,0
11044.jpg,1
11045.jpg,0
11046.jpg,1
11047.jpg,0
11048.jpg,1
11049.jpg,0
11050.jpg,0
11051.jpg,0
11052.jpg,1
11053.jpg,0
11054.jpg,1
11055.jpg,1
11056.jpg,0
11057.jpg,1
11058.jpg,0
11059.jpg,1
11060.jpg,0
11061.jpg,0
11062.jpg,0
11063.jpg,1
11064.jpg,1
11065.jpg,0
11066.jpg,0
11067.jpg,0
11068.jpg,1
11069.jpg,0
11070.jpg,0
11071.jpg,0
11072.jpg,1
11073.jpg,0
11074.jpg,1
11075.jpg,0
11076.jpg,0
11077.jpg,1
11078.jpg,0
11079.jpg,0
11080.jpg,0
11081.jpg,0
11082.jpg,0
11083.jpg,1
11084.jpg,0
11085.jpg,0
11086.jpg,1
11087.jpg,0
11088.jpg,1
11089.jpg,1
11090.jpg,1
11091.jpg,0
11092.jpg,1
11093.jpg,1
11094.jpg,0
11095.jpg,1
11096.jpg,0
11097.jpg,0
11098.jpg,1
11099.jpg,1
11100.jpg,0
11101.jpg,0
11102.jpg,0
11103.jpg,0
11104.jpg,0
11105.jpg,0
11106.jpg,0
11107.jpg,1
11108.jpg,1
11109.jpg,1
11110.jpg,1
11111.jpg,0
11112.jpg,1
11113.jpg,0
11114.jpg,0
11115.jpg,0
11116.jpg,0
11117.jpg,1
11118.jpg,1
11119.jpg,1
11120.jpg,0
11121.jpg,1
11122.jpg,0
11123.jpg,1
11124.jpg,0
11125.jpg,1
11126.jpg,1
11127.jpg,0
11128.jpg,1
11129.jpg,0
11130.jpg,1
11131.jpg,0
11132.jpg,0
11133.jpg,1
11134.jpg,1
11135.jpg,0
11136.jpg,1
11137.jpg,0
11138.jpg,0
11139.jpg,1
11140.jpg,0
11141.jpg,1
11142.jpg,1
11143.jpg,0
11144.jpg,0
11145.jpg,0
11146.jpg,0
11147.jpg,1
11148.jpg,1
11149.jpg,0
11150.jpg,1
11151.jpg,1
11152.jpg,0
11153.jpg,1
11154.jpg,1
11155.jpg,0
11156.jpg,1
11157.jpg,1
11158.jpg,1
11159.jpg,1
11160.jpg,0
11161.jpg,1
11162.jpg,0
11163.jpg,0
11164.jpg,1
11165.jpg,1
11166.jpg,0
11167.jpg,0
11168.jpg,0
11169.jpg,0
11170.jpg,1
11171.jpg,0
11172.jpg,1
11173.jpg,0
11174.jpg,0
11175.jpg,1
11176.jpg,1
11177.jpg,0
11178.jpg,1
11179.jpg,0
11180.jpg,0
11181.jpg,1
11182.jpg,1
11183.jpg,0
11184.jpg,0
11185.jpg,1
11186.jpg,1
11187.jpg,1
11188.jpg,1
11189.jpg,1
11190.jpg,1
11191.jpg,1
11192.jpg,0
11193.jpg,0
11194.jpg,0
11195.jpg,0
11196.jpg,0
11197.jpg,0
11198.jpg,0
11199.jpg,1
11200.jpg,0
11201.jpg,0
11202.jpg,0
11203.jpg,1
11204.jpg,0
11205.jpg,0
11206.jpg,0
11207.jpg,0
11208.jpg,1
11209.jpg,0
11210.jpg,1
11211.jpg,1
11212.jpg,1
11213.jpg,1
11214.jpg,1
11215.jpg,0
11216.jpg,1
11217.jpg,1
11218.jpg,0
11219.jpg,0
11220.jpg,1
11221.jpg,1
11222.jpg,1
11223.jpg,1
11224.jpg,1
11225.jpg,1
11226.jpg,1
11227.jpg,1
11228.jpg,1
11229.jpg,0
11230.jpg,1
11231.jpg,0
11232.jpg,0
11233.jpg,0
11234.jpg,1
11235.jpg,1
11236.jpg,0
11237.jpg,1
11238.jpg,0
11239.jpg,0
11240.jpg,1
11241.jpg,1
11242.jpg,1
11243.jpg,1
11244.jpg,0
11245.jpg,1
11246.jpg,1
11247.jpg,0
11248.jpg,1
11249.jpg,1
11250.jpg,0
11251.jpg,0
11252.jpg,1
11253.jpg,0
11254.jpg,0
11255.jpg,0
11256.jpg,1
11257.jpg,1
11258.jpg,0
11259.jpg,1
11260.jpg,1
11261.jpg,1
11262.jpg,0
11263.jpg,1
11264.jpg,0
11265.jpg,0
11266.jpg,1
11267.jpg,0
11268.jpg,1
11269.jpg,0
11270.jpg,1
11271.jpg,1
11272.jpg,0
11273.jpg,1
11274.jpg,1
11275.jpg,0
11276.jpg,0
11277.jpg,1
11278.jpg,1
11279.jpg,0
11280.jpg,0
11281.jpg,0
11282.jpg,0
11283.jpg,1
11284.jpg,0
11285.jpg,0
11286.jpg,0
11287.jpg,0
11288.jpg,0
11289.jpg,0
11290.jpg,1
11291.jpg,1
11292.jpg,1
11293.jpg,1
11294.jpg,0
11295.jpg,1
11296.jpg,0
11297.jpg,0
11298.jpg,1
11299.jpg,0
11300.jpg,0
11301.jpg,1
11302.jpg,1
11303.jpg,0
11304.jpg,0
11305.jpg,0
11306.jpg,0
11307.jpg,0
11308.jpg,1
11309.jpg,1
11310.jpg,1
11311.jpg,1
11312.jpg,0
11313.jpg,0
11314.jpg,1
11315.jpg,1
11316.jpg,1
11317.jpg,0
11318.jpg,1
11319.jpg,0
11320.jpg,1
11321.jpg,0
11322.jpg,0
11323.jpg,1
11324.jpg,0
11325.jpg,0
11326.jpg,1
11327.jpg,0
11328.jpg,0
11329.jpg,1
11330.jpg,1
11331.jpg,1
11332.jpg,0
11333.jpg,1
11334.jpg,0
11335.jpg,0
11336.jpg,0
11337.jpg,1
11338.jpg,1
11339.jpg,1
11340.jpg,0
11341.jpg,1
11342.jpg,0
11343.jpg,1
11344.jpg,1
11345.jpg,1
11346.jpg,0
11347.jpg,1
11348.jpg,1
11349.jpg,1
11350.jpg,1
11351.jpg,1
11352.jpg,1
11353.jpg,0
11354.jpg,0
11355.jpg,0
11356.jpg,0
11357.jpg,0
11358.jpg,0
11359.jpg,1
11360.jpg,0
11361.jpg,1
11362.jpg,1
11363.jpg,0
11364.jpg,1
11365.jpg,0
11366.jpg,1
11367.jpg,0
11368.jpg,0
11369.jpg,1
11370.jpg,0
11371.jpg,0
11372.jpg,0
11373.jpg,0
11374.jpg,1
11375.jpg,1
11376.jpg,1
11377.jpg,0
11378.jpg,1
11379.jpg,0
11380.jpg,1
11381.jpg,0
11382.jpg,0
11383.jpg,1
11384.jpg,1
11385.jpg,1
11386.jpg,1
11387.jpg,1
11388.jpg,1
11389.jpg,0
11390.jpg,1
11391.jpg,0
11392.jpg,0
11393.jpg,1
11394.jpg,0
11395.jpg,0
11396.jpg,1
11397.jpg,1
11398.jpg,0
11399.jpg,1
11400.jpg,1
11401.jpg,1
11402.jpg,0
11403.jpg,0
11404.jpg,1
11405.jpg,0
11406.jpg,0
11407.jpg,1
11408.jpg,0
11409.jpg,1
11410.jpg,1
11411.jpg,0
11412.jpg,0
11413.jpg,1
11414.jpg,0
11415.jpg,1
11416.jpg,0
11417.jpg,0
11418.jpg,0
11419.jpg,1
11420.jpg,0
11421.jpg,1
11422.jpg,1
11423.jpg,1
11424.jpg,0
11425.jpg,1
11426.jpg,1
11427.jpg,0
11428.jpg,1
11429.jpg,0
11430.jpg,1
11431.jpg,1
11432.jpg,0
11433.jpg,0
11434.jpg,0
11435.jpg,0
11436.jpg,1
11437.jpg,0
11438.jpg,0
11439.jpg,0
11440.jpg,1
11441.jpg,1
11442.jpg,0
11443.jpg,0
11444.jpg,0
11445.jpg,0
11446.jpg,1
11447.jpg,1
11448.jpg,1
11449.jpg,1
11450.jpg,1
11451.jpg,0
11452.jpg,0
11453.jpg,1
11454.jpg,1
11455.jpg,1
11456.jpg,0
11457.jpg,1
11458.jpg,1
11459.jpg,0
11460.jpg,0
11461.jpg,1
11462.jpg,1
11463.jpg,1
11464.jpg,0
11465.jpg,1
11466.jpg,0
11467.jpg,1
11468.jpg,1
11469.jpg,1
11470.jpg,0
11471.jpg,0
11472.jpg,0
11473.jpg,0
11474.jpg,1
11475.jpg,0
11476.jpg,1
11477.jpg,0
11478.jpg,0
11479.jpg,0
11480.jpg,0
11481.jpg,1
11482.jpg,1
11483.jpg,1
11484.jpg,1
11485.jpg,0
11486.jpg,1
11487.jpg,0
11488.jpg,0
11489.jpg,0
11490.jpg,1
11491.jpg,0
11492.jpg,1
11493.jpg,1
11494.jpg,1
11495.jpg,1
11496.jpg,1
11497.jpg,0
11498.jpg,1
11499.jpg,1
11500.jpg,0
11501.jpg,0
11502.jpg,1
11503.jpg,1
11504.jpg,1
11505.jpg,0
11506.jpg,1
11507.jpg,0
11508.jpg,0
11509.jpg,1
11510.jpg,0
11511.jpg,1
11512.jpg,0
11513.jpg,0
11514.jpg,0
11515.jpg,0
11516.jpg,1
11517.jpg,1
11518.jpg,1
11519.jpg,0
11520.jpg,0
11521.jpg,1
11522.jpg,0
11523.jpg,0
11524.jpg,1
11525.jpg,0
11526.jpg,0
11527.jpg,1
11528.jpg,0
11529.jpg,0
11530.jpg,1
11531.jpg,1
11532.jpg,0
11533.jpg,1
11534.jpg,1
11535.jpg,0
11536.jpg,1
11537.jpg,1
11538.jpg,0
11539.jpg,1
11540.jpg,0
11541.jpg,0
11542.jpg,0
11543.jpg,1
11544.jpg,1
11545.jpg,1
11546.jpg,1
11547.jpg,1
11548.jpg,0
11549.jpg,1
11550.jpg,0
11551.jpg,1
11552.jpg,1
11553.jpg,1
11554.jpg,0
11555.jpg,1
11556.jpg,0
11557.jpg,0
11558.jpg,1
11559.jpg,1
11560.jpg,1
11561.jpg,1
11562.jpg,1
11563.jpg,0
11564.jpg,1
11565.jpg,0
11566.jpg,1
11567.jpg,1
11568.jpg,1
11569.jpg,1
11570.jpg,0
11571.jpg,1
11572.jpg,0
11573.jpg,1
11574.jpg,1
11575.jpg,0
11576.jpg,0
11577.jpg,0
11578.jpg,0
11579.jpg,1
11580.jpg,0
11581.jpg,1
11582.jpg,1
11583.jpg,0
11584.jpg,0
11585.jpg,0
11586.jpg,0
11587.jpg,0
11588.jpg,1
11589.jpg,1
11590.jpg,1
11591.jpg,1
11592.jpg,1
11593.jpg,1
11594.jpg,0
11595.jpg,0
11596.jpg,0
11597.jpg,1
11598.jpg,1
11599.jpg,0
11600.jpg,1
11601.jpg,1
11602.jpg,1
11603.jpg,0
11604.jpg,1
11605.jpg,1
11606.jpg,1
11607.jpg,0
11608.jpg,1
11609.jpg,0
11610.jpg,1
11611.jpg,0
11612.jpg,0
11613.jpg,1
11614.jpg,0
11615.jpg,1
11616.jpg,1
11617.jpg,1
11618.jpg,1
11619.jpg,1
11620.jpg,0
11621.jpg,0
11622.jpg,1
11623.jpg,0
11624.jpg,0
11625.jpg,0
11626.jpg,1
11627.jpg,1
11628.jpg,1
11629.jpg,1
11630.jpg,0
11631.jpg,0
11632.jpg,1
11633.jpg,0
11634.jpg,1
11635.jpg,0
11636.jpg,1
11637.jpg,1
11638.jpg,0
11639.jpg,1
11640.jpg,1
11641.jpg,1
11642.jpg,0
11643.jpg,1
11644.jpg,0
11645.jpg,0
11646.jpg,1
11647.jpg,1
11648.jpg,1
11649.jpg,0
11650.jpg,1
11651.jpg,1
11652.jpg,0
11653.jpg,1
11654.jpg,1
11655.jpg,1
11656.jpg,0
11657.jpg,0
11658.jpg,0
11659.jpg,0
11660.jpg,0
11661.jpg,1
11662.jpg,1
11663.jpg,1
11664.jpg,1
11665.jpg,0
11666.jpg,0
11667.jpg,1
11668.jpg,0
11669.jpg,1
11670.jpg,0
11671.jpg,0
11672.jpg,1
11673.jpg,0
11674.jpg,0
11675.jpg,0
11676.jpg,1
11677.jpg,1
11678.jpg,0
11679.jpg,0
11680.jpg,0
11681.jpg,0
11682.jpg,0
11683.jpg,1
11684.jpg,0
11685.jpg,0
11686.jpg,0
11687.jpg,0
11688.jpg,0
11689.jpg,0
11690.jpg,0
11691.jpg,1
11692.jpg,0
11693.jpg,0
11694.jpg,1
11695.jpg,1
11696.jpg,1
11697.jpg,1
11698.jpg,0
11699.jpg,1
11700.jpg,1
11701.jpg,1
11702.jpg,1
11703.jpg,0
11704.jpg,1
11705.jpg,0
11706.jpg,1
11707.jpg,1
11708.jpg,0
11709.jpg,1
11710.jpg,0
11711.jpg,1
11712.jpg,0
11713.jpg,1
11714.jpg,0
11715.jpg,0
11716.jpg,0
11717.jpg,1
11718.jpg,0
11719.jpg,1
11720.jpg,0
11721.jpg,1
11722.jpg,1
11723.jpg,0
11724.jpg,1
11725.jpg,1
11726.jpg,1
11727.jpg,1
11728.jpg,1
11729.jpg,1
11730.jpg,0
11731.jpg,1
11732.jpg,0
11733.jpg,0
11734.jpg,1
11735.jpg,1
11736.jpg,1
11737.jpg,0
11738.jpg,1
11739.jpg,1
11740.jpg,1
11741.jpg,0
11742.jpg,1
11743.jpg,0
11744.jpg,1
11745.jpg,1
11746.jpg,1
11747.jpg,0
11748.jpg,1
11749.jpg,1
11750.jpg,1
11751.jpg,0
11752.jpg,0
11753.jpg,0
11754.jpg,1
11755.jpg,1
11756.jpg,1
11757.jpg,0
11758.jpg,0
11759.jpg,0
11760.jpg,0
11761.jpg,0
11762.jpg,1
11763.jpg,0
11764.jpg,1
11765.jpg,0
11766.jpg,0
11767.jpg,0
11768.jpg,1
11769.jpg,0
11770.jpg,1
11771.jpg,0
11772.jpg,0
11773.jpg,0
11774.jpg,1
11775.jpg,1
11776.jpg,0
11777.jpg,1
11778.jpg,0
11779.jpg,1
11780.jpg,1
11781.jpg,1
11782.jpg,0
11783.jpg,0
11784.jpg,0
11785.jpg,1
11786.jpg,0
11787.jpg,1
11788.jpg,1
11789.jpg,0
11790.jpg,1
11791.jpg,1
11792.jpg,1
11793.jpg,0
11794.jpg,1
11795.jpg,1
11796.jpg,0
11797.jpg,0
11798.jpg,0
11799.jpg,1
11800.jpg,0
11801.jpg,1
11802.jpg,1
11803.jpg,0
11804.jpg,0
11805.jpg,1
11806.jpg,1
11807.jpg,0
11808.jpg,1
11809.jpg,0
11810.jpg,1
11811.jpg,1
11812.jpg,1
11813.jpg,1
11814.jpg,1
11815.jpg,1
11816.jpg,0
11817.jpg,0
11818.jpg,0
11819.jpg,0
11820.jpg,0
11821.jpg,0
11822.jpg,0
11823.jpg,1
11824.jpg,0
11825.jpg,1
11826.jpg,1
11827.jpg,1
11828.jpg,0
11829.jpg,1
11830.jpg,1
11831.jpg,0
11832.jpg,1
11833.jpg,0
11834.jpg,1
11835.jpg,0
11836.jpg,0
11837.jpg,0
11838.jpg,1
11839.jpg,1
11840.jpg,1
11841.jpg,0
11842.jpg,0
11843.jpg,1
11844.jpg,1
11845.jpg,0
11846.jpg,0
11847.jpg,0
11848.jpg,0
11849.jpg,1
11850.jpg,1
11851.jpg,1
11852.jpg,1
11853.jpg,0
11854.jpg,1
11855.jpg,1
11856.jpg,1
11857.jpg,1
11858.jpg,0
11859.jpg,1
11860.jpg,1
11861.jpg,1
11862.jpg,0
11863.jpg,0
11864.jpg,0
11865.jpg,1
11866.jpg,1
11867.jpg,0
11868.jpg,1
11869.jpg,0
11870.jpg,1
11871.jpg,1
11872.jpg,1
11873.jpg,1
11874.jpg,1
11875.jpg,0
11876.jpg,0
11877.jpg,1
11878.jpg,0
11879.jpg,1
11880.jpg,0
11881.jpg,0
11882.jpg,1
11883.jpg,1
11884.jpg,0
11885.jpg,1
11886.jpg,1
11887.jpg,0
11888.jpg,1
11889.jpg,1
11890.jpg,0
11891.jpg,1
11892.jpg,0
11893.jpg,0
11894.jpg,0
11895.jpg,1
11896.jpg,0
11897.jpg,0
11898.jpg,1
11899.jpg,1
11900.jpg,0
11901.jpg,0
11902.jpg,1
11903.jpg,1
11904.jpg,1
11905.jpg,1
11906.jpg,0
11907.jpg,1
11908.jpg,1
11909.jpg,0
11910.jpg,1
11911.jpg,1
11912.jpg,1
11913.jpg,0
11914.jpg,1
11915.jpg,1
11916.jpg,1
11917.jpg,0
11918.jpg,0
11919.jpg,1
11920.jpg,1
11921.jpg,1
11922.jpg,1
11923.jpg,1
11924.jpg,1
11925.jpg,1
11926.jpg,1
11927.jpg,1
11928.jpg,1
11929.jpg,0
11930.jpg,1
11931.jpg,1
11932.jpg,1
11933.jpg,1
11934.jpg,1
11935.jpg,1
11936.jpg,0
11937.jpg,1
11938.jpg,0
11939.jpg,0
11940.jpg,0
11941.jpg,1
11942.jpg,1
11943.jpg,0
11944.jpg,0
11945.jpg,0
11946.jpg,0
11947.jpg,0
11948.jpg,1
11949.jpg,0
11950.jpg,1
11951.jpg,0
11952.jpg,0
11953.jpg,1
11954.jpg,1
11955.jpg,1
11956.jpg,1
11957.jpg,0
11958.jpg,0
11959.jpg,1
11960.jpg,0
11961.jpg,0
11962.jpg,0
11963.jpg,1
11964.jpg,0
11965.jpg,0
11966.jpg,1
11967.jpg,0
11968.jpg,1
11969.jpg,0
11970.jpg,1
11971.jpg,0
11972.jpg,0
11973.jpg,1
11974.jpg,0
11975.jpg,1
11976.jpg,1
11977.jpg,0
11978.jpg,0
11979.jpg,0
11980.jpg,1
11981.jpg,1
11982.jpg,0
11983.jpg,0
11984.jpg,1
11985.jpg,0
11986.jpg,1
11987.jpg,1
11988.jpg,0
11989.jpg,1
11990.jpg,0
11991.jpg,0
11992.jpg,1
11993.jpg,1
11994.jpg,1
11995.jpg,1
11996.jpg,0
11997.jpg,1
11998.jpg,0
11999.jpg,1
12000.jpg,1
